{"stats":{"minecraft:custom":{"minecraft:jump":99,"minecraft:time_since_rest":2804,"minecraft:damage_dealt":75,"minecraft:deaths":2,"minecraft:crouch_one_cm":199,"minecraft:sprint_one_cm":7500,"minecraft:leave_game":2,"minecraft:play_time":5463,"minecraft:damage_taken":495,"minecraft:time_since_death":2746,"minecraft:walk_one_cm":2879,"minecraft:sneak_time":83,"minecraft:total_world_time":5463,"minecraft:fall_one_cm":2299,"minecraft:fly_one_cm":21567},"minecraft:picked_up":{"minecraft:sand":5},"minecraft:killed_by":{"minecraft:enderman":2},"minecraft:mined":{"minecraft:sand":5},"minecraft:used":{"minecraft:sand":3}},"DataVersion":3120}