{"stats":{"minecraft:custom":{"minecraft:jump":113,"minecraft:time_since_rest":2160,"minecraft:damage_dealt":75,"minecraft:damage_taken":743,"minecraft:crouch_one_cm":199,"minecraft:leave_game":7,"minecraft:play_time":9514,"minecraft:sprint_one_cm":7526,"minecraft:time_since_death":1796,"minecraft:walk_one_cm":3118,"minecraft:deaths":3,"minecraft:sneak_time":573,"minecraft:total_world_time":9514,"minecraft:fly_one_cm":21642,"minecraft:fall_one_cm":2299},"minecraft:used":{"alexsmobs:animal_dictionary":1,"minecraft:sand":3},"minecraft:killed_by":{"minecraft:player":1,"minecraft:enderman":2},"minecraft:picked_up":{"minecraft:sand":6},"minecraft:mined":{"minecraft:sand":6}},"DataVersion":3120}