{"stats":{"minecraft:picked_up":{"minecraft:dirt":1},"minecraft:mined":{"minecraft:grass_block":5,"minecraft:dirt":5},"minecraft:custom":{"minecraft:time_since_rest":84,"minecraft:deaths":1,"minecraft:leave_game":3,"minecraft:play_time":2938,"minecraft:damage_taken":570,"minecraft:time_since_death":0,"minecraft:walk_one_cm":1349,"minecraft:sneak_time":202,"minecraft:total_world_time":2938,"minecraft:fly_one_cm":1730},"minecraft:killed_by":{"decayingmobsbackport:weeping_chaser":1}},"DataVersion":3120}