{"stats":{"minecraft:killed_by":{"minecraft:skeleton":2},"minecraft:mined":{"minecraft:cactus":2,"minecraft:crafting_table":1,"minecraft:oak_log":6,"minecraft:dead_bush":29,"minecraft:sand":38,"minecraft:sugar_cane":1},"minecraft:used":{"minecraft:cactus":2,"minecraft:sandstone":4,"minecraft:fire_charge":1,"minecraft:sand":53,"minecraft:crafting_table":1},"minecraft:picked_up":{"minecraft:golden_helmet":2,"minecraft:crafting_table":1,"minecraft:stick":64,"minecraft:sandstone":4,"minecraft:fire_charge":1,"minecraft:sand":68,"minecraft:oak_log":18,"minecraft:golden_boots":4,"minecraft:arrow":2,"minecraft:bone":2,"minecraft:cactus":2,"minecraft:gold_nugget":38,"minecraft:iron_nugget":92,"minecraft:sugar_cane":9},"minecraft:custom":{"minecraft:time_since_rest":1283,"minecraft:sprint_one_cm":57888,"minecraft:damage_taken":1195,"minecraft:walk_one_cm":31963,"minecraft:mob_kills":2,"minecraft:drop":25,"minecraft:damage_dealt":214,"minecraft:swim_one_cm":10038,"minecraft:interact_with_crafting_table":3,"minecraft:fly_one_cm":100664,"minecraft:open_chest":1,"minecraft:crouch_one_cm":1009,"minecraft:play_time":19517,"minecraft:deaths":5,"minecraft:sneak_time":328,"minecraft:walk_under_water_one_cm":169,"minecraft:jump":567,"minecraft:leave_game":1,"minecraft:time_since_death":1251,"minecraft:walk_on_water_one_cm":1397,"minecraft:total_world_time":19517,"minecraft:fall_one_cm":16194},"minecraft:crafted":{"minecraft:oak_planks":24,"minecraft:crafting_table":1,"minecraft:iron_ingot":5,"minecraft:iron_pickaxe":1,"minecraft:iron_sword":1},"minecraft:killed":{"minecraft:skeleton":1},"minecraft:dropped":{"minecraft:golden_boots":4,"minecraft:sugar_cane":6,"minecraft:iron_nugget":92,"minecraft:golden_helmet":2,"minecraft:oak_log":12,"minecraft:fire_charge":1,"minecraft:gold_nugget":38,"minecraft:sand":8,"minecraft:stick":40}},"DataVersion":3120}