{"stats":{"minecraft:custom":{"minecraft:jump":63,"minecraft:time_since_rest":1533,"minecraft:crouch_one_cm":534,"minecraft:leave_game":1,"minecraft:sprint_one_cm":4593,"minecraft:play_time":1533,"minecraft:time_since_death":1533,"minecraft:walk_one_cm":3132,"minecraft:sneak_time":165,"minecraft:total_world_time":1533,"minecraft:fall_one_cm":1254,"minecraft:fly_one_cm":5221},"minecraft:used":{"minecraft:oak_sapling":2},"minecraft:picked_up":{"minecraft:stick":1,"minecraft:oak_sapling":2},"minecraft:mined":{"minecraft:oak_leaves":12}},"DataVersion":3120}