{"stats":{"minecraft:custom":{"minecraft:time_since_rest":10423,"minecraft:sprint_one_cm":64365,"minecraft:damage_taken":1195,"minecraft:walk_one_cm":35970,"minecraft:mob_kills":2,"minecraft:drop":26,"minecraft:damage_dealt":440,"minecraft:player_kills":1,"minecraft:swim_one_cm":10038,"minecraft:interact_with_crafting_table":3,"minecraft:fly_one_cm":111844,"minecraft:open_chest":1,"minecraft:crouch_one_cm":1040,"minecraft:play_time":28657,"minecraft:deaths":5,"minecraft:sneak_time":425,"minecraft:walk_under_water_one_cm":169,"minecraft:jump":675,"minecraft:leave_game":2,"minecraft:time_since_death":10391,"minecraft:walk_on_water_one_cm":1397,"minecraft:total_world_time":28657,"minecraft:fall_one_cm":17355},"minecraft:used":{"minecraft:cactus":2,"minecraft:sandstone":4,"minecraft:iron_sword":2,"minecraft:fire_charge":1,"minecraft:sand":59,"minecraft:crafting_table":1,"alexsmobs:animal_dictionary":1},"minecraft:dropped":{"minecraft:golden_boots":4,"minecraft:iron_sword":1,"minecraft:sugar_cane":6,"minecraft:golden_helmet":2,"minecraft:iron_nugget":92,"minecraft:oak_log":12,"minecraft:fire_charge":1,"minecraft:gold_nugget":38,"minecraft:sand":8,"minecraft:stick":40},"minecraft:killed_by":{"minecraft:skeleton":2},"minecraft:picked_up":{"minecraft:golden_helmet":2,"minecraft:crafting_table":1,"minecraft:stick":64,"minecraft:sandstone":4,"minecraft:fire_charge":1,"minecraft:sand":74,"minecraft:oak_log":18,"minecraft:golden_boots":4,"minecraft:bone":2,"minecraft:arrow":2,"minecraft:cactus":2,"minecraft:gold_nugget":38,"minecraft:iron_nugget":92,"minecraft:sugar_cane":9,"minecraft:iron_sword":1},"minecraft:crafted":{"minecraft:oak_planks":24,"minecraft:crafting_table":1,"minecraft:iron_ingot":5,"minecraft:iron_pickaxe":1,"minecraft:iron_sword":1},"minecraft:mined":{"minecraft:cactus":2,"minecraft:crafting_table":1,"minecraft:oak_log":6,"minecraft:dead_bush":29,"minecraft:sand":44,"minecraft:sugar_cane":1},"minecraft:killed":{"minecraft:skeleton":1}},"DataVersion":3120}